date,temperature_2m_mean,temperature_2m_max,temperature_2m_min,apparent_temperature_mean,apparent_temperature_max,apparent_temperature_min
2024-01-01 04:00:00+00:00,37.93925,45.3605,31.9505,31.763603,39.360695,24.330149
2024-01-02 04:00:00+00:00,31.590506,41.850502,23.310501,24.073624,33.761852,16.353216
2024-01-03 04:00:00+00:00,34.20425,45.4505,27.4505,27.068598,37.55398,20.397041
2024-01-04 04:00:00+00:00,35.153,43.8305,27.810501,26.565855,33.22853,16.13325
2024-01-05 04:00:00+00:00,28.373001,37.1705,21.9605,19.476198,28.455479,13.003719
2024-01-06 04:00:00+00:00,29.647997,36.5405,22.230501,21.822702,27.941227,14.728518
2024-01-07 04:00:00+00:00,34.343002,36.0905,31.2305,26.080523,29.77042,23.123219
2024-01-08 04:00:00+00:00,34.215504,42.9305,25.8305,26.373972,35.02156,18.630308
2024-01-09 04:00:00+00:00,37.346752,54.2705,23.4005,28.943789,40.901695,17.3173
2024-01-10 04:00:00+00:00,48.184246,56.4305,40.9505,38.253075,50.33496,31.649231
2024-01-11 04:00:00+00:00,39.69425,46.260498,31.6805,31.423761,37.52924,23.859169
2024-01-12 04:00:00+00:00,38.7755,46.260498,28.0805,31.710478,40.264828,20.765663
2024-01-13 04:00:00+00:00,47.98175,57.870502,34.8305,38.41229,54.33054,22.451994
2024-01-14 04:00:00+00:00,31.879244,42.9305,24.7505,19.97861,30.063421,14.055073
2024-01-15 04:00:00+00:00,25.384249,30.1505,21.060501,16.727884,21.409027,12.773048
2024-01-16 04:00:00+00:00,26.58425,29.9705,21.330502,17.924704,21.106735,9.875166
2024-01-17 04:00:00+00:00,19.9055,24.1205,15.480501,8.514213,11.345898,4.9866486
2024-01-18 04:00:00+00:00,25.3505,32.3105,19.4405,16.161146,23.327442,9.423546
2024-01-19 04:00:00+00:00,27.16925,29.9705,23.4005,19.09707,20.876211,15.617382
2024-01-20 04:00:00+00:00,20.591751,25.560501,16.9205,8.744645,14.269306,5.6092033
2024-01-21 04:00:00+00:00,22.605501,29.5205,18.0905,11.11704,17.118307,5.977991
2024-01-22 04:00:00+00:00,27.146751,38.0705,19.080502,18.028257,27.552298,11.0586815
2024-01-23 04:00:00+00:00,33.454254,39.780502,28.6205,26.219118,33.60537,18.099104
2024-01-24 04:00:00+00:00,36.68675,41.5805,31.7705,31.860758,38.119003,26.086218
2024-01-25 04:00:00+00:00,47.468,52.0205,40.8605,43.864902,49.98416,36.235554
2024-01-26 04:00:00+00:00,42.709255,46.530502,37.350502,38.070866,44.00801,33.46977
2024-01-27 04:00:00+00:00,41.22425,46.9805,36.5405,35.99605,42.289154,30.66705
2024-01-28 04:00:00+00:00,37.654255,39.1505,36.0005,30.032175,34.531673,26.04371
2024-01-29 04:00:00+00:00,36.848,42.1205,32.5805,27.903015,30.312515,25.369965
2024-01-30 04:00:00+00:00,32.3405,39.3305,24.4805,24.875038,32.341637,16.967407
2024-01-31 04:00:00+00:00,35.498,39.6005,29.5205,29.031853,33.49186,22.974909
2024-02-01 04:00:00+00:00,35.648003,47.7905,25.4705,28.933266,40.970566,18.624783
2024-02-02 04:00:00+00:00,38.3855,42.3905,35.100502,31.80967,35.737427,25.249916
2024-02-03 04:00:00+00:00,33.64925,42.3905,25.9205,23.836655,32.63903,16.478996
2024-02-04 04:00:00+00:00,33.221752,45.0905,24.8405,24.986893,38.191864,15.633242
2024-02-05 04:00:00+00:00,33.184254,44.280502,25.7405,23.219748,34.817146,16.379656
2024-02-06 04:00:00+00:00,31.091751,41.760498,22.7705,21.764421,33.41538,12.813812
2024-02-07 04:00:00+00:00,34.40675,46.260498,24.9305,26.903261,39.59424,16.577997
2024-02-08 04:00:00+00:00,35.411755,49.5905,24.8405,29.162909,43.84336,18.088484
2024-02-09 04:00:00+00:00,40.999256,52.0205,33.3005,35.341007,45.86571,27.588692
2024-02-10 04:00:00+00:00,46.489243,60.120502,34.8305,41.655285,55.0191,28.307478
2024-02-11 04:00:00+00:00,43.909252,47.7905,38.0705,37.980057,41.624653,31.363163
2024-02-12 04:00:00+00:00,38.708,48.0605,28.4405,32.76695,42.927887,22.312048
2024-02-13 04:00:00+00:00,33.2555,37.7105,29.3405,24.42068,30.42243,21.135012
2024-02-14 04:00:00+00:00,28.12175,32.2205,23.8505,17.45348,20.985434,12.959316
2024-02-15 04:00:00+00:00,29.809248,36.7205,21.8705,20.509306,28.900288,13.4111595
2024-02-16 04:00:00+00:00,33.9155,40.6805,27.9905,23.383406,29.69225,16.140707
2024-02-17 04:00:00+00:00,29.846748,35.5505,23.310501,21.629072,25.935307,14.2311
2024-02-18 04:00:00+00:00,28.125498,40.5005,20.2505,18.080513,28.819641,10.90457
2024-02-19 04:00:00+00:00,30.971754,38.9705,24.300499,21.876112,29.445118,16.497995
2024-02-20 04:00:00+00:00,26.749247,35.8205,19.980501,18.50122,29.764744,10.817741
2024-02-21 04:00:00+00:00,29.528002,39.780502,21.6005,21.818123,31.352762,14.606129
2024-02-22 04:00:00+00:00,33.443005,43.8305,22.4105,26.511229,35.729782,16.018124
2024-02-23 04:00:00+00:00,39.724255,46.350502,34.0205,34.76711,41.289417,28.44333
2024-02-24 04:00:00+00:00,35.65175,41.5805,26.4605,26.142553,30.703424,16.345417
2024-02-25 04:00:00+00:00,27.619247,38.8805,18.3605,19.590837,30.220219,10.613987
2024-02-26 04:00:00+00:00,37.635498,52.2005,27.7205,31.003685,45.998314,19.495209
2024-02-27 04:00:00+00:00,45.38675,56.6105,31.5005,39.577885,51.460052,25.308794
2024-02-28 04:00:00+00:00,56.149258,62.4605,49.7705,51.25198,58.45942,39.11774
2024-02-29 04:00:00+00:00,33.435497,43.650497,26.550499,22.11114,32.491352,15.627283
2024-03-01 04:00:00+00:00,33.0305,42.210503,23.6705,25.067873,35.003822,15.591684
2024-03-02 04:00:00+00:00,43.51175,49.8605,34.8305,38.478607,46.21631,28.823784
2024-03-03 04:00:00+00:00,52.440502,65.2505,42.210503,48.573956,61.396324,37.613007
2024-03-04 04:00:00+00:00,46.3355,57.4205,38.2505,41.401886,53.595093,33.45798
2024-03-05 04:00:00+00:00,43.316753,46.7105,38.7005,38.126865,44.09257,33.44623
2024-03-06 04:00:00+00:00,44.441753,49.2305,38.1605,40.21172,46.614693,33.695984
2024-03-07 04:00:00+00:00,49.057995,54.3605,42.1205,41.570446,45.762268,32.648308
2024-03-08 04:00:00+00:00,42.428005,53.9105,33.0305,35.308685,49.072304,25.659428
2024-03-09 04:00:00+00:00,41.070503,45.9005,38.3405,32.79159,39.104294,30.779911
2024-03-10 04:00:00+00:00,44.6555,51.1205,35.5505,35.956,46.966103,23.325565
2024-03-11 04:00:00+00:00,40.658,49.7705,33.3905,27.377462,35.06409,20.173248
2024-03-12 04:00:00+00:00,48.266754,63.180496,36.1805,40.49886,55.038467,27.265503
2024-03-13 04:00:00+00:00,47.30675,59.310497,36.0005,42.358643,53.982876,30.972338
2024-03-14 04:00:00+00:00,52.5305,69.8405,38.7905,48.524017,68.80101,33.17008
2024-03-15 04:00:00+00:00,58.478,70.5605,46.4405,53.203747,66.13422,42.288628
2024-03-16 04:00:00+00:00,48.364254,57.4205,40.2305,42.78058,50.126064,34.76777
2024-03-17 04:00:00+00:00,51.206757,60.0305,44.6405,43.494324,50.372932,37.729248
2024-03-18 04:00:00+00:00,43.639256,48.1505,35.9105,34.470245,38.476006,26.699772
2024-03-19 04:00:00+00:00,38.0255,45.0905,32.0405,28.062975,33.556168,23.01073
2024-03-20 04:00:00+00:00,42.233,53.100502,33.6605,34.151928,47.7137,22.53205
2024-03-21 04:00:00+00:00,33.008,41.5805,25.0205,21.977676,29.510984,14.702789
2024-03-22 04:00:00+00:00,33.19925,41.760498,22.230501,25.437975,35.97405,14.156967
2024-03-23 04:00:00+00:00,41.955505,49.5905,33.5705,34.8726,46.92592,19.97404
2024-03-24 04:00:00+00:00,36.319256,47.0705,27.2705,25.945404,38.261017,17.137619
2024-03-25 04:00:00+00:00,38.86925,49.9505,28.8905,30.275354,42.614403,19.497478
2024-03-26 04:00:00+00:00,41.677998,49.5005,31.7705,34.30779,43.47595,22.433231
2024-03-27 04:00:00+00:00,45.000504,51.2105,40.2305,41.088337,47.742424,35.305134
2024-03-28 04:00:00+00:00,46.860504,50.850502,43.2005,43.06381,46.21782,36.19121
2024-03-29 04:00:00+00:00,44.9555,54.3605,38.7005,33.66625,43.661217,27.063425
2024-03-30 04:00:00+00:00,46.19675,57.870502,35.9105,37.442646,48.401962,26.655912
2024-03-31 04:00:00+00:00,50.44925,60.840496,39.6905,44.049957,53.93471,32.834
2024-04-01 04:00:00+00:00,46.815506,54.2705,41.4905,42.792618,52.103855,35.963417
2024-04-02 04:00:00+00:00,44.7905,47.6105,42.7505,39.48656,44.72308,35.451355
2024-04-03 04:00:00+00:00,41.95925,44.100502,39.5105,32.111347,35.2667,26.274212
2024-04-04 04:00:00+00:00,41.80925,48.1505,37.0805,33.221806,40.27249,26.827984
2024-04-05 04:00:00+00:00,41.363,48.780502,34.5605,32.156147,37.06764,27.275894
2024-04-06 04:00:00+00:00,43.9655,52.2905,37.1705,34.7301,40.77074,29.021616
2024-04-07 04:00:00+00:00,44.44925,57.3305,34.3805,36.53323,47.244804,27.372778
2024-04-08 04:00:00+00:00,47.614254,64.0805,33.1205,42.77564,60.424164,26.678669
2024-04-09 04:00:00+00:00,57.0155,74.7905,40.4105,53.56154,74.0405,35.796577
2024-04-10 04:00:00+00:00,53.513,60.3005,46.4405,50.15668,57.999916,42.34536
2024-04-11 04:00:00+00:00,54.004253,62.4605,48.3305,50.01477,59.419228,44.769814
2024-04-12 04:00:00+00:00,59.599247,66.8705,54.2705,52.72501,63.760178,45.872158
2024-04-13 04:00:00+00:00,48.94925,53.3705,45.4505,38.91015,45.392025,35.074833
2024-04-14 04:00:00+00:00,57.158,71.5505,42.3005,49.803223,64.75919,34.729866
2024-04-15 04:00:00+00:00,64.3205,76.140495,50.3105,60.71854,73.6416,47.481125
2024-04-16 04:00:00+00:00,57.338,68.5805,44.100502,51.96037,63.05967,38.454285
2024-04-17 04:00:00+00:00,50.8055,59.760498,45.0005,45.41969,54.221886,38.699577
2024-04-18 04:00:00+00:00,47.021755,48.4205,41.6705,40.364124,43.35009,37.570805
2024-04-19 04:00:00+00:00,47.006744,55.350502,38.8805,41.892376,50.718964,33.77462
2024-04-20 04:00:00+00:00,54.79925,67.8605,46.6205,49.524536,62.731262,36.629574
2024-04-21 04:00:00+00:00,45.349247,53.280502,35.3705,37.37038,43.350674,29.022541
2024-04-22 04:00:00+00:00,47.228,58.5905,35.3705,40.82999,53.372673,28.752022
2024-04-23 04:00:00+00:00,48.270496,58.2305,35.4605,41.351887,53.111755,29.076378
2024-04-24 04:00:00+00:00,55.852997,70.1105,47.0705,50.031773,66.134964,40.64492
2024-04-25 04:00:00+00:00,45.401752,53.7305,37.350502,38.10176,49.980026,28.618416
2024-04-26 04:00:00+00:00,46.031754,57.7805,34.6505,40.64628,56.736996,28.80478
2024-04-27 04:00:00+00:00,47.895504,57.6905,37.0805,41.438145,51.420784,31.026533
2024-04-28 04:00:00+00:00,59.153004,72.63049,47.4305,58.008514,74.67769,42.42653
2024-04-29 04:00:00+00:00,67.290504,82.530495,55.8005,69.17576,89.612755,53.017418
2024-04-30 04:00:00+00:00,59.415485,72.8105,51.8405,57.790745,75.18717,48.38298
2024-05-01 04:00:00+00:00,59.3255,76.140495,50.4005,58.03532,76.31517,46.815823
2024-05-02 04:00:00+00:00,64.63175,81.63049,50.0405,62.953842,85.05638,47.425873
2024-05-03 04:00:00+00:00,56.044254,62.640495,49.1405,51.840633,60.805595,46.743423
2024-05-04 04:00:00+00:00,52.372997,61.380497,45.7205,48.24536,57.773396,43.01618
2024-05-05 04:00:00+00:00,50.692997,53.280502,48.0605,45.684284,52.85002,41.926453
2024-05-06 04:00:00+00:00,61.763,72.3605,53.100502,62.801163,74.149704,52.717564
2024-05-07 04:00:00+00:00,66.01551,78.570496,53.5505,64.539375,79.00141,50.33758
2024-05-08 04:00:00+00:00,73.031746,87.1205,60.3005,71.61661,85.11991,61.040047
2024-05-09 04:00:00+00:00,63.045498,69.390495,57.3305,60.040314,66.21482,53.254906
2024-05-10 04:00:00+00:00,50.693005,58.6805,48.600502,45.79651,55.237488,42.46363
2024-05-11 04:00:00+00:00,52.08801,61.380497,43.2905,47.500385,57.578873,39.76323
2024-05-12 04:00:00+00:00,50.584244,55.8005,47.1605,46.68051,51.84832,43.9945
2024-05-13 04:00:00+00:00,54.773006,67.5905,42.1205,51.14001,64.340744,38.124012
2024-05-14 04:00:00+00:00,60.919247,72.1805,48.600502,59.317616,71.39395,45.852108
2024-05-15 04:00:00+00:00,59.880497,67.140495,55.8905,57.95119,62.42792,54.09614
2024-05-16 04:00:00+00:00,61.316753,65.7905,58.5005,57.40131,63.356316,53.396397
2024-05-17 04:00:00+00:00,62.989246,72.3605,53.3705,61.485607,70.91049,51.144867
2024-05-18 04:00:00+00:00,61.52676,72.63049,55.350502,60.945286,72.52051,54.34702
2024-05-19 04:00:00+00:00,61.695496,73.6205,54.0905,60.299694,73.049416,53.54111
2024-05-20 04:00:00+00:00,61.054256,74.4305,50.850502,61.048553,78.80316,49.57605
2024-05-21 04:00:00+00:00,66.08301,80.3705,53.8205,67.80874,86.46991,53.01306
2024-05-22 04:00:00+00:00,71.168,82.9805,59.9405,72.18356,87.04656,59.868034
2024-05-23 04:00:00+00:00,72.50298,80.460495,65.7005,75.18211,82.70119,68.35019
2024-05-24 04:00:00+00:00,72.217995,84.4205,60.0305,72.24772,82.454765,60.522514
2024-05-25 04:00:00+00:00,66.908,78.390495,56.7005,66.25309,80.84306,54.968456
2024-05-26 04:00:00+00:00,67.568,78.4805,59.850502,70.19999,83.251854,61.491093
2024-05-27 04:00:00+00:00,66.19924,72.1805,62.4605,67.315125,71.866684,62.601433
2024-05-28 04:00:00+00:00,71.224236,80.3705,63.630497,71.024765,79.01669,62.496513
2024-05-29 04:00:00+00:00,65.82425,76.7705,56.7905,66.18185,78.609085,56.26729
2024-05-30 04:00:00+00:00,63.285503,70.6505,56.7005,60.771023,68.030396,54.966145
2024-05-31 04:00:00+00:00,65.0855,76.5905,55.350502,60.06087,72.19105,50.45272
2024-06-01 04:00:00+00:00,69.01176,82.2605,55.260498,65.98248,81.68554,50.80777
2024-06-02 04:00:00+00:00,69.52549,80.7305,57.2405,68.2665,80.629105,53.496567
2024-06-03 04:00:00+00:00,74.168,85.6805,63.180496,76.24619,90.18236,64.672
2024-06-04 04:00:00+00:00,69.03425,77.7605,61.290497,70.86548,81.162384,63.219677
2024-06-05 04:00:00+00:00,68.14924,78.8405,58.0505,70.56129,82.3876,58.35749
2024-06-06 04:00:00+00:00,73.26426,81.5405,66.5105,77.27637,87.336105,65.44541
2024-06-07 04:00:00+00:00,73.09925,82.9805,63.180496,73.025566,81.48694,63.40793
2024-06-08 04:00:00+00:00,68.35175,77.13049,59.4005,64.74274,72.10613,56.140156
2024-06-09 04:00:00+00:00,68.363,77.3105,57.7805,65.928505,73.967766,57.40593
2024-06-10 04:00:00+00:00,66.60425,75.6005,57.9605,63.247543,71.47781,54.98699
2024-06-11 04:00:00+00:00,65.5805,73.6205,56.6105,64.868904,73.335495,56.04993
2024-06-12 04:00:00+00:00,67.414246,78.030495,57.6905,66.8266,77.00087,57.21446
2024-06-13 04:00:00+00:00,70.89425,83.8805,56.7005,70.17585,85.66737,56.113285
2024-06-14 04:00:00+00:00,73.312996,84.960495,66.6005,76.66918,92.982765,67.36429
2024-06-15 04:00:00+00:00,70.87176,80.9105,62.3705,69.60395,78.6295,60.125164
2024-06-16 04:00:00+00:00,66.124245,74.88049,57.6905,64.22689,76.7542,54.184296
2024-06-17 04:00:00+00:00,72.656746,84.7805,60.570503,73.7176,87.6212,61.88792
2024-06-18 04:00:00+00:00,76.729256,85.5005,68.49049,79.03576,91.77258,70.17524
2024-06-19 04:00:00+00:00,76.523,87.5705,67.2305,78.266685,94.11532,69.38377
2024-06-20 04:00:00+00:00,79.12925,91.710495,67.320496,81.547935,95.857994,68.94637
2024-06-21 04:00:00+00:00,81.833,95.5805,72.4505,85.004906,101.75446,73.124466
2024-06-22 04:00:00+00:00,80.39299,93.960495,71.7305,86.58405,103.5814,77.02343
2024-06-23 04:00:00+00:00,84.360504,96.9305,72.3605,86.65511,97.331696,76.19203
2024-06-24 04:00:00+00:00,77.107994,80.5505,71.7305,73.60056,81.88614,66.01279
2024-06-25 04:00:00+00:00,79.14424,92.52049,67.8605,76.45229,92.69068,62.84983
2024-06-26 04:00:00+00:00,82.75549,96.1205,73.3505,83.656654,100.60628,72.06845
2024-06-27 04:00:00+00:00,76.9955,86.3105,70.5605,78.22454,84.66847,66.14691
2024-06-28 04:00:00+00:00,68.0405,77.4005,59.4005,65.3016,79.8293,57.45034
2024-06-29 04:00:00+00:00,73.219246,80.0105,63.720497,73.62464,79.33271,64.7999
2024-06-30 04:00:00+00:00,78.937996,91.8005,71.280495,84.13632,96.16616,72.030334
2024-07-01 04:00:00+00:00,71.085495,80.0105,61.290497,68.061806,76.33052,58.62741
2024-07-02 04:00:00+00:00,72.570496,83.3405,61.2005,71.947624,87.8228,59.149864
2024-07-03 04:00:00+00:00,72.59675,82.1705,62.5505,71.13783,81.64597,62.575066
2024-07-04 04:00:00+00:00,76.27926,86.49049,66.6005,79.058136,92.470184,66.0357
2024-07-05 04:00:00+00:00,79.999245,89.640495,71.3705,86.98965,98.53736,78.08655
2024-07-06 04:00:00+00:00,82.16675,91.3505,72.9005,89.814125,102.30028,77.90587
2024-07-07 04:00:00+00:00,81.803,90.3605,74.5205,88.198204,97.9816,78.36125
2024-07-08 04:00:00+00:00,80.23176,90.99049,73.530495,87.27485,98.46033,80.59338
2024-07-09 04:00:00+00:00,80.171745,87.4805,72.0005,87.46754,95.856705,79.18817
2024-07-10 04:00:00+00:00,82.147995,89.3705,76.140495,87.2717,96.90838,81.63904
2024-07-11 04:00:00+00:00,82.088005,93.7805,75.1505,85.19164,92.77012,78.63244
2024-07-12 04:00:00+00:00,76.991745,84.6905,70.9205,82.05921,89.089584,74.98671
2024-07-13 04:00:00+00:00,77.32176,87.0305,70.5605,84.289474,95.89976,74.0201
2024-07-14 04:00:00+00:00,80.318,88.1105,71.1005,87.168335,96.66622,76.74754
2024-07-15 04:00:00+00:00,83.453,95.0405,73.2605,89.89462,100.61125,80.72657
2024-07-16 04:00:00+00:00,83.7005,95.0405,72.4505,88.29653,98.82982,77.58577
2024-07-17 04:00:00+00:00,80.87299,89.3705,74.6105,88.772255,97.889786,82.18604
2024-07-18 04:00:00+00:00,77.85424,87.210495,70.2005,81.336655,89.66408,72.57266
2024-07-19 04:00:00+00:00,74.501755,83.7005,63.990498,74.22721,83.98697,62.20875
2024-07-20 04:00:00+00:00,75.05299,83.5205,63.630497,77.192986,84.04031,65.04172
2024-07-21 04:00:00+00:00,78.311745,88.2005,67.140495,81.84814,93.93114,70.637245
2024-07-22 04:00:00+00:00,76.02801,82.8005,69.6605,80.228294,88.82204,74.763626
2024-07-23 04:00:00+00:00,75.836754,84.960495,69.570496,82.721504,91.78787,76.326416
2024-07-24 04:00:00+00:00,75.851746,84.7805,69.8405,81.63027,89.96849,73.42045
2024-07-25 04:00:00+00:00,76.75175,86.9405,68.8505,80.08259,89.16597,70.456985
2024-07-26 04:00:00+00:00,74.66675,84.6005,64.3505,72.78374,83.89654,60.47635
2024-07-27 04:00:00+00:00,75.4355,85.6805,63.4505,75.97645,85.75623,63.43658
2024-07-28 04:00:00+00:00,75.6755,88.2905,64.2605,76.46324,89.07617,65.07709
2024-07-29 04:00:00+00:00,76.65049,84.7805,70.4705,81.076324,88.99626,76.44377
2024-07-30 04:00:00+00:00,78.986755,89.3705,70.1105,82.61544,92.068115,76.47131
2024-07-31 04:00:00+00:00,78.488,89.2805,73.4405,83.74697,93.8806,78.24774
2024-08-01 04:00:00+00:00,81.38299,94.4105,68.5805,87.5906,100.44492,73.77973
2024-08-02 04:00:00+00:00,80.69299,91.0805,74.2505,88.049965,97.63059,81.03641
2024-08-03 04:00:00+00:00,80.04425,91.170494,73.9805,87.48254,98.53563,80.69695
2024-08-04 04:00:00+00:00,75.79925,82.530495,73.2605,81.859245,88.25029,79.340256
2024-08-05 04:00:00+00:00,79.62425,89.1905,68.3105,84.43726,95.96187,71.759995
2024-08-06 04:00:00+00:00,78.13925,90.27049,71.3705,84.50647,99.61101,75.31081
2024-08-07 04:00:00+00:00,69.68299,72.4505,65.1605,71.39358,77.82757,66.22604
2024-08-08 04:00:00+00:00,68.843,73.8005,64.3505,70.306015,75.29972,65.82724
2024-08-09 04:00:00+00:00,76.28675,82.9805,71.3705,79.235146,83.2581,74.34561
2024-08-10 04:00:00+00:00,77.15301,84.7805,70.8305,80.68398,87.198875,74.40284
2024-08-11 04:00:00+00:00,73.27549,81.1805,65.9705,73.861984,83.2643,66.82659
2024-08-12 04:00:00+00:00,71.03675,79.1105,61.2005,70.73573,76.75556,62.487267
2024-08-13 04:00:00+00:00,70.538,80.3705,61.290497,70.59048,79.71915,60.084503
2024-08-14 04:00:00+00:00,73.00549,82.9805,63.360497,74.09864,82.68834,64.782455
2024-08-15 04:00:00+00:00,74.843,86.220505,62.640495,77.00703,88.0027,65.02979
2024-08-16 04:00:00+00:00,75.056755,86.4005,64.8005,78.72223,92.035995,67.320595
2024-08-17 04:00:00+00:00,73.73675,79.2905,69.1205,77.13261,81.484024,74.41793
2024-08-18 04:00:00+00:00,72.7655,77.9405,69.6605,76.239655,79.72365,73.225235
2024-08-19 04:00:00+00:00,72.85175,82.890495,68.2205,77.57593,89.73788,67.83885
2024-08-20 04:00:00+00:00,65.98925,72.1805,61.380497,62.460155,68.75097,57.78997
2024-08-21 04:00:00+00:00,63.904247,72.5405,54.9905,60.4879,68.259796,52.272484
2024-08-22 04:00:00+00:00,65.7005,75.960495,54.2705,63.594746,72.38458,52.524952
2024-08-23 04:00:00+00:00,68.734245,81.0905,55.7105,68.75673,80.43976,55.666046
2024-08-24 04:00:00+00:00,71.318,85.5005,58.320503,72.28583,87.20559,58.788506
2024-08-25 04:00:00+00:00,73.058,85.9505,61.110497,74.16778,88.64187,62.304882
2024-08-26 04:00:00+00:00,73.5005,85.5005,64.3505,76.383995,90.42964,65.96207
2024-08-27 04:00:00+00:00,73.59051,85.4105,63.630497,77.08257,90.52562,66.64394
2024-08-28 04:00:00+00:00,80.58425,93.1505,70.38049,84.67812,98.0179,72.54122
2024-08-29 04:00:00+00:00,73.5755,80.1905,67.9505,74.93489,84.13764,68.41698
2024-08-30 04:00:00+00:00,68.85424,74.7005,64.530495,68.87382,73.64327,64.89104
2024-08-31 04:00:00+00:00,70.781746,78.030495,63.630497,73.39716,80.172104,66.1166
2024-09-01 04:00:00+00:00,75.2855,84.0605,69.3005,79.20793,86.61533,73.73906
2024-09-02 04:00:00+00:00,70.90174,78.8405,63.2705,68.624016,78.28649,57.104424
2024-09-03 04:00:00+00:00,63.578,72.99049,53.7305,60.030792,70.36839,50.265682
2024-09-04 04:00:00+00:00,64.7555,76.8605,53.8205,63.270832,77.95668,51.789043
2024-09-05 04:00:00+00:00,65.6405,77.7605,54.4505,64.93551,78.010635,53.90114
2024-09-06 04:00:00+00:00,67.57175,79.38049,57.870502,68.525475,81.96097,57.32954
2024-09-07 04:00:00+00:00,67.2455,75.780495,57.2405,67.858986,75.05136,56.75197
2024-09-08 04:00:00+00:00,61.211758,70.9205,52.2005,56.595272,64.83357,49.022686
2024-09-09 04:00:00+00:00,64.02801,76.6805,50.5805,59.97339,72.766945,46.79104
2024-09-10 04:00:00+00:00,66.76926,78.570496,56.3405,64.62771,77.44527,53.52279
2024-09-11 04:00:00+00:00,64.946754,77.5805,53.280502,63.768528,78.603165,51.38819
2024-09-12 04:00:00+00:00,66.7055,78.9305,58.320503,68.37714,80.787926,59.788918
2024-09-13 04:00:00+00:00,67.493004,81.0005,56.6105,69.359184,83.3823,57.483055
2024-09-14 04:00:00+00:00,70.86424,84.960495,58.4105,72.87363,86.28292,58.70443
2024-09-15 04:00:00+00:00,69.296745,82.1705,59.4905,69.796104,83.36566,58.721504
2024-09-16 04:00:00+00:00,65.65923,77.9405,55.1705,65.80085,77.6264,54.77483
2024-09-17 04:00:00+00:00,67.74799,80.5505,58.2305,68.571815,81.50276,58.315563
2024-09-18 04:00:00+00:00,68.768005,74.5205,63.810497,69.00529,72.739,65.46473
2024-09-19 04:00:00+00:00,72.57801,85.140495,61.0205,72.021675,82.99557,59.970257
2024-09-20 04:00:00+00:00,71.19799,81.5405,62.9105,71.26403,81.17676,62.319717
2024-09-21 04:00:00+00:00,68.138,80.3705,59.310497,66.23688,77.507614,57.94101
2024-09-22 04:00:00+00:00,65.49425,77.2205,56.0705,63.60965,75.12073,54.579334
2024-09-23 04:00:00+00:00,62.659245,69.570496,55.4405,60.105534,66.13145,53.70071
2024-09-24 04:00:00+00:00,62.974247,67.9505,56.6105,60.03761,65.22891,54.20414
2024-09-25 04:00:00+00:00,63.881744,68.9405,60.4805,61.388004,65.77701,58.169327
2024-09-26 04:00:00+00:00,68.23176,73.6205,62.4605,71.02894,78.07482,62.51934
2024-09-27 04:00:00+00:00,68.378,71.7305,65.1605,70.703735,75.8936,66.13777
2024-09-28 04:00:00+00:00,63.836742,67.5905,60.4805,63.00938,67.45238,58.190483
2024-09-29 04:00:00+00:00,62.606747,65.1605,61.290497,61.326736,63.71324,58.79101
2024-09-30 04:00:00+00:00,64.148,72.8105,57.4205,63.009815,69.81909,56.624367
2024-10-01 04:00:00+00:00,63.19925,71.5505,57.7805,61.44351,68.600136,56.52375
2024-10-02 04:00:00+00:00,61.043003,68.8505,54.9905,59.804276,67.591606,53.574978
2024-10-03 04:00:00+00:00,63.87425,71.820496,58.6805,64.0543,70.847824,59.362137
2024-10-04 04:00:00+00:00,63.105503,73.710495,53.8205,63.10632,73.55678,53.218132
2024-10-05 04:00:00+00:00,65.321754,74.88049,56.2505,63.6969,70.9429,54.16708
2024-10-06 04:00:00+00:00,60.4655,70.9205,49.6805,58.322704,69.3302,46.86847
2024-10-07 04:00:00+00:00,65.14175,74.070496,59.6705,62.2016,69.919235,55.241173
2024-10-08 04:00:00+00:00,59.453003,69.210495,50.4005,54.653767,63.38684,46.8904
2024-10-09 04:00:00+00:00,58.534245,68.0405,48.1505,53.43207,61.048134,44.78459
2024-10-10 04:00:00+00:00,53.79425,64.0805,45.4505,46.249744,54.98867,39.534203
2024-10-11 04:00:00+00:00,55.976757,69.6605,43.2005,50.049686,62.36289,38.853985
2024-10-12 04:00:00+00:00,63.1055,73.2605,53.7305,56.962994,66.64046,48.44969
2024-10-13 04:00:00+00:00,61.699245,74.070496,49.1405,58.466145,72.85893,44.361584
2024-10-14 04:00:00+00:00,56.05925,66.6905,46.9805,49.987484,63.3581,38.39916
2024-10-15 04:00:00+00:00,49.256756,58.0505,41.3105,42.003532,49.50589,34.955105
2024-10-16 04:00:00+00:00,49.395493,59.4905,41.3105,41.50198,50.63537,34.69564
2024-10-17 04:00:00+00:00,48.555508,59.0405,38.0705,41.380154,51.487827,32.681145
2024-10-18 04:00:00+00:00,53.539257,66.6905,43.8305,46.224064,57.74456,36.388165
2024-10-19 04:00:00+00:00,55.264248,70.4705,44.280502,51.07104,67.79675,39.147144
2024-10-20 04:00:00+00:00,57.38676,75.8705,42.030502,53.10205,70.43378,36.797634
2024-10-21 04:00:00+00:00,62.85049,81.63049,45.5405,58.774036,76.81086,41.247456
2024-10-22 04:00:00+00:00,65.588005,81.5405,54.5405,63.849102,80.26772,52.514816
2024-10-23 04:00:00+00:00,63.450504,77.2205,51.3005,60.88956,74.62983,48.36744
2024-10-24 04:00:00+00:00,60.938004,68.9405,52.5605,55.16713,61.273914,45.811768
2024-10-25 04:00:00+00:00,53.059254,64.2605,43.2005,46.99538,57.422466,37.836605
2024-10-26 04:00:00+00:00,55.942997,64.530495,48.8705,48.651535,54.731354,44.06022
2024-10-27 04:00:00+00:00,49.005497,58.320503,40.2305,41.999725,49.96949,35.022526
2024-10-28 04:00:00+00:00,48.349247,60.840496,36.8105,42.860844,54.995056,31.490616
2024-10-29 04:00:00+00:00,54.641743,63.180496,42.4805,51.17616,58.72003,38.912716
2024-10-30 04:00:00+00:00,62.715496,78.210495,51.4805,60.897156,75.21098,49.764874
2024-10-31 04:00:00+00:00,67.421745,82.3505,53.1905,65.07735,78.45137,51.822437
2024-11-01 04:00:00+00:00,69.518,79.5605,58.6805,63.835693,71.5667,52.233734
2024-11-02 04:00:00+00:00,53.55425,60.3005,46.530502,46.47522,53.037956,39.23407
2024-11-03 04:00:00+00:00,45.135498,55.4405,38.2505,37.62982,47.491222,30.674774
2024-11-04 04:00:00+00:00,47.978,57.4205,37.8005,42.363316,50.87851,31.78438
2024-11-05 04:00:00+00:00,59.7455,72.1805,47.3405,56.91305,68.44167,44.32978
2024-11-06 04:00:00+00:00,69.173004,80.1005,61.110497,66.70511,76.95213,57.66072
2024-11-07 04:00:00+00:00,64.14425,73.0805,54.0905,61.121464,67.35834,48.255104
2024-11-08 04:00:00+00:00,55.90175,68.6705,43.650497,49.072704,58.228218,39.52984
2024-11-09 04:00:00+00:00,47.31425,54.9905,39.6905,38.579044,45.90061,31.941936
2024-11-10 04:00:00+00:00,47.374252,57.600502,35.7305,41.227535,50.975185,30.400852
2024-11-11 04:00:00+00:00,60.082996,69.4805,51.3005,55.1751,62.4271,47.346302
2024-11-12 04:00:00+00:00,49.039257,53.3705,41.6705,39.964848,46.590706,32.872856
2024-11-13 04:00:00+00:00,40.8305,48.0605,34.1105,33.004604,40.528225,26.52356
2024-11-14 04:00:00+00:00,40.057995,45.6305,34.0205,33.666107,40.120087,26.102156
2024-11-15 04:00:00+00:00,46.519257,58.1405,37.0805,40.130184,51.65078,30.592484
2024-11-16 04:00:00+00:00,50.708004,61.2005,42.8405,42.466766,52.274223,35.092354
2024-11-17 04:00:00+00:00,51.98675,63.990498,43.2905,45.33227,57.529396,36.423203
2024-11-18 04:00:00+00:00,54.022995,63.810497,45.2705,48.134586,57.766678,39.240543
2024-11-19 04:00:00+00:00,51.07925,58.1405,42.3005,45.740356,52.63625,37.9384
2024-11-20 04:00:00+00:00,52.793003,60.2105,44.6405,48.71274,55.80086,40.5
2024-11-21 04:00:00+00:00,47.066753,53.5505,39.1505,42.241966,49.013588,32.452778
2024-11-22 04:00:00+00:00,37.916748,40.5005,35.3705,30.09102,32.285614,27.14903
2024-11-23 04:00:00+00:00,41.846752,47.5205,36.0905,34.347515,38.927795,28.78876
2024-11-24 04:00:00+00:00,46.140503,51.2105,41.4905,38.7093,43.149914,34.382347
2024-11-25 04:00:00+00:00,43.706745,51.030502,35.5505,38.5958,46.211704,30.420544
2024-11-26 04:00:00+00:00,50.917995,58.320503,43.4705,47.172535,54.652164,38.1804
2024-11-27 04:00:00+00:00,42.285503,50.1305,35.7305,36.837727,43.838573,30.3466
2024-11-28 04:00:00+00:00,43.897995,52.6505,40.5005,38.44065,49.39569,32.6016
2024-11-29 04:00:00+00:00,38.5805,45.6305,33.5705,31.638746,37.551113,25.90755
2024-11-30 04:00:00+00:00,32.258003,37.8905,27.7205,23.997046,28.025747,19.75435
2024-12-01 04:00:00+00:00,29.715498,36.4505,24.9305,21.497026,25.900078,17.684895
2024-12-02 04:00:00+00:00,30.788004,38.7005,25.9205,23.771658,30.64138,19.23178
2024-12-03 04:00:00+00:00,33.113003,40.8605,27.5405,26.041628,32.770847,21.027039
2024-12-04 04:00:00+00:00,31.988,38.5205,25.650501,24.617617,29.768116,19.284876
2024-12-05 04:00:00+00:00,35.685497,39.8705,31.4105,26.14895,31.17849,20.502316
2024-12-06 04:00:00+00:00,29.67425,31.8605,27.4505,20.324549,21.920786,18.897429
2024-12-07 04:00:00+00:00,32.708004,39.9605,26.7305,24.440496,31.293484,18.083258
2024-12-08 04:00:00+00:00,41.75675,52.0205,34.2005,33.850887,43.35433,25.535633
2024-12-09 04:00:00+00:00,41.51301,50.4005,33.4805,37.37827,46.04117,28.354216
2024-12-10 04:00:00+00:00,46.20425,51.4805,41.9405,42.979187,48.64283,38.690697
2024-12-11 04:00:00+00:00,54.896748,60.570503,42.210503,51.70909,58.209873,33.456158
2024-12-12 04:00:00+00:00,34.459248,40.8605,27.900501,24.722296,31.94414,19.75876
2024-12-13 04:00:00+00:00,27.33425,32.0405,24.4805,19.696373,23.34301,17.446653
2024-12-14 04:00:00+00:00,26.723,32.6705,21.6005,19.839315,25.56096,14.553442
2024-12-15 04:00:00+00:00,29.43425,37.0805,22.6805,22.539324,30.758396,15.44964
2024-12-16 04:00:00+00:00,41.445496,48.6905,34.5605,36.78299,45.071217,28.466827
2024-12-17 04:00:00+00:00,50.992996,58.0505,45.0005,46.79491,55.019493,39.476357
2024-12-18 04:00:00+00:00,42.9005,49.5005,34.2005,38.68126,45.4866,29.952778
2024-12-19 04:00:00+00:00,39.593,43.7405,33.0305,32.88477,39.976414,26.981638
2024-12-20 04:00:00+00:00,33.19925,36.0905,30.2405,26.085188,28.96518,22.819073
2024-12-21 04:00:00+00:00,26.828003,32.2205,19.7105,17.986565,25.67731,9.856741
2024-12-22 04:00:00+00:00,15.2105,19.080502,9.810499,6.2825985,9.227089,1.7632942
2024-12-23 04:00:00+00:00,13.208,24.3905,4.8604984,5.685081,16.276363,-2.856411
2024-12-24 04:00:00+00:00,28.553,34.2005,24.300499,21.874254,28.971794,16.986568
2024-12-25 04:00:00+00:00,26.393,31.8605,20.2505,19.48263,24.876879,13.261642
2024-12-26 04:00:00+00:00,22.6355,31.1405,16.9205,15.409806,24.776915,8.870735
2024-12-27 04:00:00+00:00,24.68675,35.1905,14.6705,18.447186,29.63488,7.6750298
2024-12-28 04:00:00+00:00,38.801754,44.6405,34.8305,34.839832,41.194828,29.729479
2024-12-29 04:00:00+00:00,48.784245,60.570503,39.5105,45.53278,60.06903,35.955334
2024-12-30 04:00:00+00:00,52.193005,54.9905,45.5405,46.863342,50.975777,39.08985
2024-12-31 04:00:00+00:00,42.79925,49.0505,34.2005,37.75172,44.032417,29.626192
